spam	Dear customer your SBI YONO account will be suspended today. Complete KYC immediately click http://sbi-kyc-update.xyz
spam	ALERT: Your electricity connection will be disconnected tonight at 9.30pm because previous month bill not updated. Contact officer 9832014567 immediately
spam	Congratulations! Your mobile number won Rs 25,00,000 in KBC Jio lucky draw. To claim call 8745120369 and pay processing fee Rs 6500
spam	This is Delhi Police Cyber Cell. A parcel in your name contains illegal items. Digital arrest warrant issued. Call IPS officer immediately 7890234561 or face arrest in 2 hours
spam	Your FedEx courier is on hold at customs. Pay Rs 2350 customs duty now to release: http://fedx-clearance.in Track ID FDX88213
spam	Aapka PayTM KYC expire ho gaya hai. Aaj hi update kare warna account block ho jayega. Call 9012345678 abhi
spam	RBI NOTICE: Aapke account me illegal transaction detect hua hai. Verification ke liye is link par click kare http://rbi-verify.co
spam	Congratulation aapne jeeta hai Tata Nexon car lucky draw me! Claim karne ke liye registration fee Rs 8500 turant bheje GPay 9876501234
spam	Work from home opportunity! Earn Rs 3000-5000 daily doing simple YouTube like tasks. Join telegram t.me/earnfast_official now limited seats
spam	Your Rs 4999 cashback from UPI Diwali offer is pending. Verify UPI PIN on this link to receive http://upi-cashback-claim.net
spam	Income Tax Refund of Rs 15,490 approved for PAN ending 234X. Update bank account within 24 hrs http://incometax-refund.org
spam	Loan approved! Rs 5,00,000 pre-approved personal loan at 0% interest. No documents needed. Download app now http://instaloan-fast.apk
spam	Your son has been arrested in hostel drug case. Do not tell anyone. Transfer Rs 50000 bail amount immediately GPay 8901234567 - Inspector Sharma
spam	AIRTEL: Aapka sim 24 ghante me band ho jayega. Aadhaar verification pending hai. Call 6789012345 immediately warna number permanently block
spam	HDFC ALERT your netbanking will be deactivated. Update PAN card details here http://hdfc-panupdate.info to continue services
spam	Flipkart Big Billion lucky customer! You won Samsung S24 Ultra. Pay only delivery charge Rs 149 http://flipkart-winner.shop
spam	URGENT: Gas connection subsidy of Rs 2400 credited failed. Re-verify bank details http://lpg-subsidy-gov.in within 12 hours
spam	Dream11 winner announcement: aapki team ne Rs 1,00,000 jeete hai! Withdrawal ke liye GST fee Rs 4999 pehle jama kare
spam	Your WhatsApp will be banned in 48 hours due to policy violation. Verify identity call 070-12345678 immediately to appeal
spam	Swiggy refund Rs 820 initiated but UPI failed. Share OTP received on your phone to process refund manually. Support executive Rahul
spam	Army officer selling Bullet bike urgently before posting, only Rs 35000. Advance Rs 5000 book karo, OLX pe photo dekho. Paytm 9123456780
spam	Rs 750 Jio recharge cashback offer expires today!! Click and login with UPI PIN to claim http://jio-750-offer.xyz
spam	CBI NOTICE: Money laundering case FIR 234/2026 registered against your Aadhaar. Join video call for statement or arrest warrant issues skype id cbi.verification
spam	Govt Rojgar Yojana: 25000 posts, no exam, direct joining. Registration fee Rs 850 only. Apply http://sarkari-rojgar-fast.com
spam	Your electricity bill payment of Rs 1240 FAILED. Power cut scheduled 10pm. Pay immediately via this link http://mseb-quickpay.in
spam	ICICI credit card annual fee Rs 4999 will be auto debited today. To cancel press call 8012345679 and share card number for verification
spam	Money stuck in your name Rs 8,40,000 unclaimed PF amount. Process release by paying Rs 2100 verification charge EPFO helpline 7012345678
spam	OLX buyer here, sending advance via UPI request. Accept the Rs 15000 REQUEST and enter PIN to RECEIVE money for your sofa
spam	TATA franchise distributor chahiye aapke area me. Rs 10 lakh monthly income guaranteed. Security deposit Rs 25000 refundable. Call now
spam	Your KYC points 2450 expiring today midnight worth Rs 2450 cash. Redeem now login with netbanking http://rewardz-redeem.co
spam	Missed call from unknown international number? You won Etisalat global draw USD 50000. WhatsApp +234-801-234-5678 to claim
spam	PM Kisan 19th installment Rs 4000 (double benefit) ke liye eligible hai aap. Aadhaar aur bank verify kare http://pmkisan-bonus.org
ham	Bhai kal subah 7 baje nikalna hai station ke liye, uber book kar lena
ham	Your OTP for SBI login is 482910. Do not share with anyone. If not requested, report at 1930.
ham	Mummy ne bola dinner pe aa jao sunday ko, bhabhi bhi aa rahi hai
ham	Meeting moved to 3pm, same google meet link. Bring the Q2 numbers
ham	Your Swiggy order #18229 from Biryani Blues is out for delivery. Rider: Suresh, 15 mins away
ham	Rs 500 debited from a/c XX1234 for UPI txn to Ramesh Kirana on 12-08. Avl bal Rs 8,240. Not you? Call 1800111109
ham	Electricity bill for consumer no 234561 is Rs 1,240 due 25-08. Pay via official app or center. BSES
ham	Happy birthday yaar! Party kab de raha hai?
ham	Your Amazon package with Order 403-889 will arrive today by 8pm. Track in app
ham	Sir the plumber will come tomorrow between 10 and 12, please keep someone at home
ham	Didi ka result aa gaya, 92 percent! Sab log bahut khush hai
ham	Your appointment with Dr Mehta is confirmed for Sat 11:30am, Apollo Clinic Sector 18. Reply C to cancel
ham	Recharge successful! Rs 239 plan activated, valid 28 days, 1.5GB/day. -Jio
ham	Kal ka match dekha? Last over me kya finish kiya bhai
ham	Your IRCTC ticket PNR 4402187631 is CONFIRMED, B4 32, Rajdhani Exp 12952, dep 16:55 NDLS
ham	Office ke liye nikal raha hu, lunch mat banana aaj
ham	Reminder: Society maintenance Rs 2500 for August due by 30th. Pay at office or society app. Tower B RWA
ham	Good morning! Aaj ka quote - kaam karo aisa ki pehchan ban jaye :)
ham	Your Uber is arriving now. White Swift Dzire DL 3C AB 1234. OTP 5566
ham	Beta doctor ne kaha BP normal hai, tension mat lo. Shaam ko call karna
ham	Test series marks upload ho gaye portal pe, check kar lena physics ka
ham	HDFC: Rs 15,000 credited to a/c XX5678 salary NEFT. Avl bal Rs 42,100
ham	Aaj gym aayega ya kal ka bahana phir se
ham	Your DTH recharge of Rs 350 is successful. Next due 28-09. TataPlay
ham	Papa ka phone charge pe laga do, aur unhe dawai yaad dila dena 9 baje
ham	Parcel received at security gate, collect by 9pm. Tower A reception
ham	Class cancelled tomorrow, mam ne group me bheja abhi
ham	Your FASTag wallet balance is low: Rs 85. Recharge via official bank app to avoid penalty at toll
ham	Haan bhai pahunch gaya safely, hostel me hu. Khana kha liya
ham	Zomato: Rate your order from Dominos. How was the delivery experience?
ham	Shaadi ka card bhej diya hai whatsapp pe, 14 November ki date hai
ham	Your LIC premium of Rs 12,450 for policy XX890 is due on 05-09. Pay via official LIC portal or branch
